Licensee,,,
Activision,,,
Adobe,,,
Amazon MGM Studios,,,
Apple,,,
BBC Studios,,,
Believe,,,
Blizzard Entertainment,,,
Coca-Cola,,,
Disney,,,
DreamWorks Animation,,,
EA Sports,,,
Electronic Arts,,,
Epic Games,,,
ESPN,,,
Formula 1,,,
Fox Entertainment,,,
Google,,,
HBO,,,
Honda,,,
Major League Baseball,,,
McDonald's,,,
Meta,,,
Microsoft,,,
National Basketball Association,,,
National Football League,,,
NBCUniversal,,,
Netflix,,,
Nike,,,
Nintendo,,,
Paramount Global,,,
Peloton,,,
PlayStation Studios,,,
Prime Video,,,
Red Bull,,,
Riot Games,,,
Sony Pictures Entertainment,,,
Spotify,,,
Take-Two Interactive,,,
TikTok,,,
Toyota,,,
Twitch,,,
Ubisoft,,,
Universal Music Group,,,
Universal Pictures,,,
Valve,,,
Warner Bros. Discovery,,,
Warner Music Group,,,
YouTube,,,
YouTube Music,,,
Zynga,,,